ID,Source Station,Destination Station,Payload Weight,Priority,Time of Scheduling
payload_1,7,2,10,3,8:01
payload_2,5,3,6,2,8:02
payload_3,5,6,4,3,8:02
payload_4,4,1,10,2,8:03
payload_5,6,8,6,1,8:04
payload_6,5,4,6,2,8:04
payload_7,2,5,2,2,8:06
payload_8,7,6,2,3,8:08
payload_9,3,2,6,2,8:08
payload_10,8,5,2,2,8:09
payload_11,1,4,2,3,8:11
payload_12,5,6,2,3,8:12
payload_13,5,1,6,3,8:13
payload_14,3,2,6,3,8:14
payload_15,8,2,2,2,8:15
payload_16,2,4,10,2,8:16
payload_17,3,1,2,3,8:20
payload_18,5,4,10,1,8:21
payload_19,3,8,4,3,8:22
payload_20,5,4,6,1,8:23
payload_21,6,4,4,3,8:23
payload_22,6,7,2,1,8:25
payload_23,7,4,6,3,8:25
payload_24,3,4,6,3,8:27
payload_25,6,5,4,3,8:27
payload_26,7,1,2,3,8:28
payload_27,8,3,4,2,8:29
payload_28,1,8,2,3,8:29
payload_29,4,5,2,2,8:36
payload_30,7,6,10,3,8:36
payload_31,4,5,2,2,8:39
payload_32,4,8,4,2,8:39
payload_33,2,8,10,3,8:41
payload_34,8,2,2,2,8:41
payload_35,6,7,10,2,8:43
payload_36,4,1,4,3,8:44
payload_37,8,5,2,2,8:44
payload_38,5,1,10,3,8:45
payload_39,2,4,10,3,8:50
payload_40,5,8,4,3,8:52
payload_41,1,4,10,3,8:53
payload_42,2,6,10,3,8:54
payload_43,6,7,10,3,8:55
payload_44,4,6,10,3,8:56
payload_45,4,2,10,3,8:57
payload_46,8,6,2,3,8:58
payload_47,8,6,6,3,8:58
payload_48,3,8,2,2,8:58
payload_49,8,5,4,3,9:00
payload_50,3,1,2,2,9:01
payload_51,2,8,10,3,9:03
payload_52,2,4,6,3,9:08
payload_53,7,6,10,3,9:11
payload_54,7,6,6,3,9:11
payload_55,1,3,2,3,9:14
payload_56,6,1,4,3,9:14
payload_57,3,1,4,1,9:15
payload_58,2,7,2,3,9:16
payload_59,3,7,10,3,9:18
payload_60,8,5,4,2,9:18
payload_61,6,3,2,1,9:19
payload_62,5,8,10,3,9:21
payload_63,1,3,10,3,9:21
payload_64,1,4,4,3,9:21
payload_65,5,6,2,2,9:23
payload_66,5,6,10,2,9:23
payload_67,4,6,4,3,9:23
payload_68,4,3,6,1,9:23
payload_69,7,6,2,3,9:24
payload_70,8,4,4,2,9:24
payload_71,3,6,10,2,9:25
payload_72,4,8,6,2,9:26
payload_73,6,5,2,3,9:28
payload_74,5,4,6,2,9:31
payload_75,3,7,4,2,9:32
payload_76,4,6,10,3,9:38
payload_77,5,7,10,3,9:38
payload_78,3,4,2,2,9:38
payload_79,4,6,4,1,9:39
payload_80,8,3,4,2,9:40
payload_81,1,4,10,2,9:42
payload_82,6,3,10,2,9:44
payload_83,8,7,10,1,9:45
payload_84,8,1,6,3,9:45
payload_85,3,8,10,3,9:45
payload_86,5,7,4,3,9:45
payload_87,8,7,6,1,9:46
payload_88,7,2,10,3,9:47
payload_89,8,7,10,3,9:49
payload_90,8,2,10,3,9:49
payload_91,6,4,2,3,9:50
payload_92,8,2,4,3,9:50
payload_93,1,3,2,3,9:52
payload_94,5,1,4,2,9:54
payload_95,7,8,6,2,9:54
payload_96,2,8,4,3,9:58
payload_97,8,5,6,3,9:58
payload_98,3,8,6,3,9:59
payload_99,8,6,10,2,9:59
payload_100,3,6,4,2,10:00
